"covariate","description","LL","Npars","AIC.LL","BIC.LL","note"
"age_group","ER: no DIF; LFS: no DIF",-26470.919538411,18,52977.839076822,53116.143673987,"OK"
"company_size","ER: no DIF; LFS: uniform DIF",-16351.8519349045,28,32759.7038698089,32974.8443542878,"OK"
"economic_activity","ER: uniform DIF; LFS: no DIF",-16044.6911565872,52,32193.3823131744,32592.9289272065,"OK"
"education_level","ER: no DIF; LFS: no DIF",-26648.0352963203,22,53340.0705926407,53509.1095447312,"OK"
"interview_style","ER: no DIF; LFS: no DIF",-27021.3833556265,18,54078.766711253,54217.071308418,"OK"
"job_length","ER: uniform DIF; LFS: no DIF",-15569.9089300885,40,31219.817860177,31527.1614094325,"OK"
"migration_background","ER: no DIF; LFS: no DIF",-26901.8098024011,28,53859.6196048022,54074.760089281,"OK"
"software_cluster","ER: no DIF; LFS: uniform DIF",-16270.3376730862,36,32612.6753461723,32889.2845405022,"OK"
"work_hours","ER: no DIF; LFS: no DIF",-16098.3418129302,24,32244.6836258604,32429.0897554137,"OK"
