"covariate","description","LL","Npars","AIC.LL","BIC.LL","note"
"age_group","ER: no DIF; LFS: no DIF",-26470.919538411,18,52977.839076822,53116.143673987,"OK"
"company_size","ER: uniform DIF; LFS: uniform DIF",-16335.3062482237,34,32738.6124964474,32999.8545133145,"OK"
"economic_activity","ER: uniform DIF; LFS: uniform DIF",-15983.5602493663,70,32107.1204987325,32644.9717099296,"OK"
"education_level","ER: no DIF; LFS: no DIF",-26648.0352963203,22,53340.0705926407,53509.1095447312,"OK"
"interview_style","ER: no DIF; LFS: uniform DIF",-27014.4767957398,20,54068.9535914796,54222.6253661074,"OK"
"job_length","ER: uniform DIF; LFS: uniform DIF",-15558.406394218,52,31220.8127884361,31620.3594024682,"OK"
"migration_background","ER: no DIF; LFS: no DIF",-26901.8098024011,28,53859.6196048022,54074.760089281,"OK"
"software_cluster","ER: uniform DIF; LFS: uniform DIF",-16261.3866593368,46,32614.7733186736,32968.2184003174,"OK"
"work_hours","ER: uniform DIF; LFS: uniform DIF",-16043.2401733592,40,32166.4803467183,32473.8238959738,"OK"
