"covariate","description","LL","Npars","AIC.LL","BIC.LL","note"
"age_group","ER: no DIF; LFS: no DIF",-26720.9485338746,18,53477.8970677492,53616.4311944867,"OK"
"company_size","ER: no DIF; LFS: uniform DIF",-16261.1008358863,28,32578.2016717726,32793.6992022532,"OK"
"economic_activity","ER: uniform DIF; LFS: no DIF",-15937.0644089294,52,31978.1288178588,32378.3385173227,"OK"
"education_level","ER: no DIF; LFS: no DIF",-26909.0332613515,22,53862.066522703,54031.3860109378,"OK"
"interview_style","ER: no DIF; LFS: no DIF",-27275.8869352723,18,54587.7738705447,54726.3079972822,"OK"
"job_length","ER: uniform DIF; LFS: no DIF",-15552.9571527563,40,31185.9143055126,31493.7679204849,"OK"
"migration_background","ER: no DIF; LFS: no DIF",-27128.274560263,28,54312.549120526,54528.0466510066,"OK"
"software_cluster","ER: uniform DIF; LFS: no DIF",-16144.0772716508,36,32360.1545433016,32637.2227967766,"OK"
"work_hours","ER: no DIF; LFS: no DIF",-16119.6122252211,24,32287.2244504422,32471.9366194255,"OK"
