"covariate","description","LL","Npars","AIC.LL","BIC.LL","note"
"age_group","ER: no DIF; LFS: no DIF",-30486.3821179574,18,61008.7642359148,61149.4889305475,"OK"
"company_size","ER: uniform DIF; LFS: uniform DIF",-19234.7819659753,34,38537.5639319506,38803.3772440345,"OK"
"economic_activity","ER: uniform DIF; LFS: no DIF",-18891.6506784851,52,37887.3013569702,38293.8393636868,"OK"
"education_level","ER: no DIF; LFS: no DIF",-30742.9008231076,22,61529.8016462153,61701.7984952107,"OK"
"interview_style","ER: no DIF; LFS: no DIF",-31140.8435661333,18,62317.6871322665,62458.4118268992,"OK"
"job_length","ER: uniform DIF; LFS: no DIF",-18318.5658470484,40,36717.1316940968,37029.8532377249,"OK"
"migration_background","ER: no DIF; LFS: no DIF",-31024.8014562266,28,62105.6029124532,62324.5079929929,"OK"
"software_cluster","ER: no DIF; LFS: uniform DIF",-19181.971598107,36,38435.943196214,38717.3925854793,"OK"
"work_hours","ER: no DIF; LFS: no DIF",-18853.9655667081,24,37755.9311334162,37943.5640595931,"OK"
