"covariate","description","LL","Npars","AIC.LL","BIC.LL","note"
"age_group","ER: no DIF; LFS: no DIF",-30486.3821179574,18,61008.7642359148,61149.4889305475,"OK"
"company_size","ER: uniform DIF (R8); LFS: uniform DIF",-19246.0766377986,30,38552.1532755972,38786.6944333183,"OK"
"economic_activity","ER: uniform DIF (R8); LFS: uniform DIF",-18838.7231558241,54,37785.4463116482,38207.6203955462,"OK"
"education_level","ER: no DIF; LFS: no DIF",-30742.9008231076,22,61529.8016462153,61701.7984952107,"OK"
"interview_style","ER: no DIF; LFS: no DIF",-31140.8435661333,18,62317.6871322665,62458.4118268992,"OK"
"job_length","ER: uniform DIF (R8); LFS: no DIF",-18341.3341126628,30,36742.6682253257,36977.2093830468,"OK"
"migration_background","ER: no DIF; LFS: no DIF",-31024.8014562266,28,62105.6029124532,62324.5079929929,"OK"
"software_cluster","ER: uniform DIF (R8); LFS: uniform DIF",-19171.2198051791,38,38418.4396103581,38715.5250768048,"OK"
"work_hours","ER: uniform DIF (R8); LFS: no DIF",-18831.8165524288,26,37715.6331048576,37918.9021082159,"OK"
